{"sac_config": {"env_fn": "<function <lambda> at 0x000001CD1124D280>", "actor_critic": "MLPActorCritic", "ac_kwargs": {}, "seed": 0, "steps_per_epoch": 3000, "epochs": 30, "replay_size": 1000000, "lr": 0.015375945293303717, "batch_size": 256, "start_steps": 10000, "update_after": 400, "update_every": 50, "logger_kwargs": {"output_dir": "./data", "exp_name": "exp_1", "wandb_logger": "wandb"}, "save_freq": 1, "device": "cuda", "alpha": 0.42731802011889475, "gamma": 0.8963949337412427, "logger": {"<spinup.utils.logx.EpochLogger object at 0x000001CD24CBBCD0>": {"output_dir": "./data", "output_file": {"<_io.TextIOWrapper name='./data\\\\progress.txt' mode='w' encoding='cp1252'>": {"mode": "w"}}, "first_row": true, "log_headers": [], "log_current_row": {}, "exp_name": "exp_1", "wandb_logger": "wandb", "epoch_dict": {}}}, "max_ep_len": 3000, "num_test_episodes": 2, "polyak": 0.9260854597652541}, "_wandb": {"runtime": 5}}