{
    "os": "Windows-10-10.0.19044-SP0",
    "python": "3.8.12",
    "heartbeatAt": "2022-06-21T11:56:11.112640",
    "startedAt": "2022-06-21T11:56:07.726206",
    "docker": null,
    "gpu": "Quadro RTX 3000",
    "gpu_count": 1,
    "cpu_count": 12,
    "cuda": null,
    "args": [
        "--algorithm=sac",
        "--alpha=0.42731802011889475",
        "--epochs=30",
        "--gamma=0.8963949337412427",
        "--lr=0.015375945293303717",
        "--polyak=0.9260854597652541"
    ],
    "state": "running",
    "program": "runner.py",
    "codePath": "Continuous-Simulations\\runner.py",
    "git": {
        "remote": "https://github.com/tomvmeer/Data-Intelligence-Challenge.git",
        "commit": "82693457ca1ea5bcd7f5cd49bf0f06078021d3a8"
    },
    "email": null,
    "root": "D:/code/studie/Data-Intelligence-Challenge",
    "host": "CLNT7605",
    "username": "miltre",
    "executable": "C:\\Users\\miltre\\Miniconda3\\envs\\dic-env\\python.exe"
}
