{"Epoch": 8, "AverageEpRet": 300.0, "StdEpRet": 0.0, "MaxEpRet": 300.0, "MinEpRet": 300.0, "AverageCleanliness": 0.0011666667414829135, "StdCleanliness": 0.0016499158227816224, "MaxCleanliness": 0.0035000001080334187, "MinCleanliness": 0.0, "AverageTrainCleanliness": 0.07500000298023224, "StdTrainCleanliness": 0.0, "MaxTrainCleanliness": 0.07500000298023224, "MinTrainCleanliness": 0.07500000298023224, "AverageTestEpRet": 4.666666507720947, "StdTestEpRet": 6.599663257598877, "MaxTestEpRet": 14.0, "MinTestEpRet": 0.0, "EpLen": 900.0, "TestEpLen": 900.0, "TotalEnvInteracts": 7199, "AverageQ1Vals": -0.15536679327487946, "StdQ1Vals": 0.9873218536376953, "MaxQ1Vals": 1.0, "MinQ1Vals": -1.0, "AverageQ2Vals": 1.0, "StdQ2Vals": 0.0, "MaxQ2Vals": 1.0, "MinQ2Vals": 1.0, "AverageLogPi": 0.9307482838630676, "StdLogPi": 2.898402214050293, "MaxLogPi": 14.994155883789062, "MinLogPi": -7.44952917098999, "LossPi": 0.5892173647880554, "LossQ": 9.018412590026855, "Time": 1092.4097969532013, "_timestamp": 1655785821, "_runtime": 1099, "_step": 7, "_wandb": {"runtime": 1097}}