{"Epoch": 8, "AverageEpRet": 81.0, "StdEpRet": 7.0, "MaxEpRet": 88.0, "MinEpRet": 74.0, "AverageCleanliness": 0.0014999998966231942, "StdCleanliness": 0.0010801234748214483, "MaxCleanliness": 0.0024999999441206455, "MinCleanliness": 0.0, "AverageTrainCleanliness": 0.020250000059604645, "StdTrainCleanliness": 0.0017499998211860657, "MaxTrainCleanliness": 0.02199999988079071, "MinTrainCleanliness": 0.01850000023841858, "AverageTestEpRet": 6.0, "StdTestEpRet": 4.320493698120117, "MaxTestEpRet": 10.0, "MinTestEpRet": 0.0, "EpLen": 466.0, "TestEpLen": 900.0, "TotalEnvInteracts": 7199, "AverageQ1Vals": 0.6256716251373291, "StdQ1Vals": 0.7799049615859985, "MaxQ1Vals": 1.0, "MinQ1Vals": -1.0, "AverageQ2Vals": 1.0, "StdQ2Vals": 0.0, "MaxQ2Vals": 1.0, "MinQ2Vals": 1.0, "AverageLogPi": 0.9274579286575317, "StdLogPi": 2.9157025814056396, "MaxLogPi": 14.239302635192871, "MinLogPi": -6.992726802825928, "LossPi": -0.17892219126224518, "LossQ": 6.313258647918701, "Time": 2323.252295732498, "_timestamp": 1655668238, "_runtime": 2332, "_step": 7, "_wandb": {"runtime": 2330}}