{
    "os": "Windows-10-10.0.19044-SP0",
    "python": "3.8.12",
    "heartbeatAt": "2022-06-19T19:11:49.533371",
    "startedAt": "2022-06-19T19:11:46.778551",
    "docker": null,
    "gpu": "Quadro RTX 3000",
    "gpu_count": 1,
    "cpu_count": 12,
    "cuda": null,
    "args": [
        "--algorithm=sac",
        "--alpha=0.4816600216956231",
        "--epochs=8",
        "--gamma=0.7370239757323979",
        "--lr=6.109534146178045e-05",
        "--polyak=0.9569131628356232"
    ],
    "state": "running",
    "program": "runner.py",
    "codePath": "Continuous-Simulations\\runner.py",
    "git": {
        "remote": "https://github.com/tomvmeer/Data-Intelligence-Challenge.git",
        "commit": "82693457ca1ea5bcd7f5cd49bf0f06078021d3a8"
    },
    "email": null,
    "root": "D:/code/studie/Data-Intelligence-Challenge",
    "host": "CLNT7605",
    "username": "miltre",
    "executable": "C:\\Users\\miltre\\Miniconda3\\envs\\dic-env\\python.exe"
}
