{"Epoch": 8, "AverageEpRet": 42.0, "StdEpRet": 0.0, "MaxEpRet": 42.0, "MinEpRet": 42.0, "AverageCleanliness": 0.004833333659917116, "StdCleanliness": 0.0032998318783938885, "MaxCleanliness": 0.008500000461935997, "MinCleanliness": 0.0005000000237487257, "AverageTrainCleanliness": 0.010499999858438969, "StdTrainCleanliness": 0.0, "MaxTrainCleanliness": 0.010499999858438969, "MinTrainCleanliness": 0.010499999858438969, "AverageTestEpRet": 19.33333396911621, "StdTestEpRet": 13.199326515197754, "MaxTestEpRet": 34.0, "MinTestEpRet": 2.0, "EpLen": 900.0, "TestEpLen": 900.0, "TotalEnvInteracts": 7199, "AverageQ1Vals": -1.0, "StdQ1Vals": 0.0, "MaxQ1Vals": -1.0, "MinQ1Vals": -1.0, "AverageQ2Vals": 1.0, "StdQ2Vals": 0.0, "MaxQ2Vals": 1.0, "MinQ2Vals": 1.0, "AverageLogPi": 1.5488898754119873, "StdLogPi": 2.8297762870788574, "MaxLogPi": 13.444704055786133, "MinLogPi": -9.9137601852417, "LossPi": 1.8609793186187744, "LossQ": 12.22916030883789, "Time": 993.3609247207642, "_timestamp": 1655780487, "_runtime": 1001, "_step": 7, "_wandb": {"runtime": 999}}