{"Epoch": 8, "AverageEpRet": 222.0, "StdEpRet": 0.0, "MaxEpRet": 222.0, "MinEpRet": 222.0, "AverageCleanliness": 0.0064999996684491634, "StdCleanliness": 0.005671566352248192, "MaxCleanliness": 0.014499999582767487, "MinCleanliness": 0.0020000000949949026, "AverageTrainCleanliness": 0.05550000071525574, "StdTrainCleanliness": 0.0, "MaxTrainCleanliness": 0.05550000071525574, "MinTrainCleanliness": 0.05550000071525574, "AverageTestEpRet": 26.0, "StdTestEpRet": 22.68626594543457, "MaxTestEpRet": 58.0, "MinTestEpRet": 8.0, "EpLen": 900.0, "TestEpLen": 900.0, "TotalEnvInteracts": 7199, "AverageQ1Vals": -1.0, "StdQ1Vals": 0.0, "MaxQ1Vals": -1.0, "MinQ1Vals": -1.0, "AverageQ2Vals": 1.0, "StdQ2Vals": 0.0, "MaxQ2Vals": 1.0, "MinQ2Vals": 1.0, "AverageLogPi": 2.0611732006073, "StdLogPi": 3.822144031524658, "MaxLogPi": 21.16150665283203, "MinLogPi": -3.982543468475342, "LossPi": 2.083073616027832, "LossQ": 17.84952735900879, "Time": 926.8263537883759, "_timestamp": 1655766365, "_runtime": 934, "_step": 7, "_wandb": {"runtime": 932}}