{
    "os": "Windows-10-10.0.19044-SP0",
    "python": "3.8.12",
    "heartbeatAt": "2022-06-20T22:33:09.955239",
    "startedAt": "2022-06-20T22:33:08.005249",
    "docker": null,
    "gpu": "Quadro RTX 3000",
    "gpu_count": 1,
    "cpu_count": 12,
    "cuda": null,
    "args": [
        "--algorithm=ppo",
        "--clip_ratio=0.07428953406655622",
        "--epochs=8",
        "--gamma=0.9333374308630102",
        "--lr=0.012099820892750471"
    ],
    "state": "running",
    "program": "runner.py",
    "codePath": "Continuous-Simulations\\runner.py",
    "git": {
        "remote": "https://github.com/tomvmeer/Data-Intelligence-Challenge.git",
        "commit": "82693457ca1ea5bcd7f5cd49bf0f06078021d3a8"
    },
    "email": null,
    "root": "D:/code/studie/Data-Intelligence-Challenge",
    "host": "CLNT7605",
    "username": "miltre",
    "executable": "C:\\Users\\miltre\\Miniconda3\\envs\\dic-env\\python.exe"
}
