{"Epoch": 7, "AverageTrainCleanliness": 0.11150000244379044, "StdTrainCleanliness": 0.0, "MaxTrainCleanliness": 0.11150000244379044, "MinTrainCleanliness": 0.11150000244379044, "AverageEpRet": 446.0, "StdEpRet": 0.0, "MaxEpRet": 446.0, "MinEpRet": 446.0, "EpLen": 900.0, "AverageVVals": 1.0, "StdVVals": 0.0, "MaxVVals": 1.0, "MinVVals": 1.0, "TotalEnvInteracts": 7200, "LossPi": 0.3531512916088104, "LossV": 112.45425415039062, "DeltaLossPi": 0.0, "DeltaLossV": 0.0, "Entropy": 0.9189385771751404, "KL": 10915.7705078125, "ClipFrac": 1.0, "StopIter": 0.0, "Time": 246.4015576839447, "_timestamp": 1655764640, "_runtime": 252, "_step": 7, "_wandb": {"runtime": 251}}