{"Epoch": 8, "AverageEpRet": 96.0, "StdEpRet": 4.0, "MaxEpRet": 100.0, "MinEpRet": 92.0, "AverageCleanliness": 0.004000000189989805, "StdCleanliness": 0.002943920437246561, "MaxCleanliness": 0.00800000037997961, "MinCleanliness": 0.0010000000474974513, "AverageTrainCleanliness": 0.024000000208616257, "StdTrainCleanliness": 0.0010000001639127731, "MaxTrainCleanliness": 0.02500000037252903, "MinTrainCleanliness": 0.023000000044703484, "AverageTestEpRet": 16.0, "StdTestEpRet": 11.775681495666504, "MaxTestEpRet": 32.0, "MinTestEpRet": 4.0, "EpLen": 460.0, "TestEpLen": 600.6666870117188, "TotalEnvInteracts": 7199, "AverageQ1Vals": 1.0, "StdQ1Vals": 0.0, "MaxQ1Vals": 1.0, "MinQ1Vals": 1.0, "AverageQ2Vals": 1.0, "StdQ2Vals": 0.0, "MaxQ2Vals": 1.0, "MinQ2Vals": 1.0, "AverageLogPi": 2.074138641357422, "StdLogPi": 3.8255982398986816, "MaxLogPi": 20.835418701171875, "MinLogPi": -3.9825360774993896, "LossPi": -0.5135888457298279, "LossQ": 5.868483066558838, "Time": 1128.6876146793365, "_timestamp": 1655671987, "_runtime": 1136, "_step": 7, "_wandb": {"runtime": 1134}}