{"Epoch": 8, "AverageEpRet": 22.0, "StdEpRet": 0.0, "MaxEpRet": 22.0, "MinEpRet": 22.0, "AverageCleanliness": 0.006666666362434626, "StdCleanliness": 0.009076832793653011, "MaxCleanliness": 0.019500000402331352, "MinCleanliness": 0.0, "AverageTrainCleanliness": 0.005499999970197678, "StdTrainCleanliness": 0.0, "MaxTrainCleanliness": 0.005499999970197678, "MinTrainCleanliness": 0.005499999970197678, "AverageTestEpRet": 26.66666603088379, "StdTestEpRet": 36.30733108520508, "MaxTestEpRet": 78.0, "MinTestEpRet": 0.0, "EpLen": 900.0, "TestEpLen": 900.0, "TotalEnvInteracts": 7199, "AverageQ1Vals": -0.9297599196434021, "StdQ1Vals": 0.36810725927352905, "MaxQ1Vals": 1.0, "MinQ1Vals": -1.0, "AverageQ2Vals": 1.0, "StdQ2Vals": 0.0, "MaxQ2Vals": 1.0, "MinQ2Vals": 1.0, "AverageLogPi": 0.9788100123405457, "StdLogPi": 2.946906805038452, "MaxLogPi": 13.587385177612305, "MinLogPi": -6.43470573425293, "LossPi": 1.5701658725738525, "LossQ": 13.086230278015137, "Time": 1188.4031038284302, "_timestamp": 1655767570, "_runtime": 1196, "_step": 7, "_wandb": {"runtime": 1194}}