{"Epoch": 8, "AverageEpRet": 144.0, "StdEpRet": 0.0, "MaxEpRet": 144.0, "MinEpRet": 144.0, "AverageCleanliness": 0.004166666883975267, "StdCleanliness": 0.0030092450324445963, "MaxCleanliness": 0.007000000216066837, "MinCleanliness": 0.0, "AverageTrainCleanliness": 0.035999998450279236, "StdTrainCleanliness": 0.0, "MaxTrainCleanliness": 0.035999998450279236, "MinTrainCleanliness": 0.035999998450279236, "AverageTestEpRet": 16.66666603088379, "StdTestEpRet": 12.036980628967285, "MaxTestEpRet": 28.0, "MinTestEpRet": 0.0, "EpLen": 900.0, "TestEpLen": 900.0, "TotalEnvInteracts": 7199, "AverageQ1Vals": 1.0, "StdQ1Vals": 0.0, "MaxQ1Vals": 1.0, "MinQ1Vals": 1.0, "AverageQ2Vals": 1.0, "StdQ2Vals": 0.0, "MaxQ2Vals": 1.0, "MinQ2Vals": 1.0, "AverageLogPi": 2.074138641357422, "StdLogPi": 3.8255982398986816, "MaxLogPi": 20.835418701171875, "MinLogPi": -3.9825360774993896, "LossPi": -0.0162428580224514, "LossQ": 8.664957046508789, "Time": 1036.3080694675446, "_timestamp": 1655784713, "_runtime": 1043, "_step": 7, "_wandb": {"runtime": 1041}}