{"Epoch": 8, "AverageEpRet": 338.0, "StdEpRet": 0.0, "MaxEpRet": 338.0, "MinEpRet": 338.0, "AverageCleanliness": 0.005499999970197678, "StdCleanliness": 0.004262237343937159, "MaxCleanliness": 0.011500000022351742, "MinCleanliness": 0.0020000000949949026, "AverageTrainCleanliness": 0.08449999988079071, "StdTrainCleanliness": 0.0, "MaxTrainCleanliness": 0.08449999988079071, "MinTrainCleanliness": 0.08449999988079071, "AverageTestEpRet": 22.0, "StdTestEpRet": 17.048948287963867, "MaxTestEpRet": 46.0, "MinTestEpRet": 8.0, "EpLen": 900.0, "TestEpLen": 600.6666870117188, "TotalEnvInteracts": 7199, "AverageQ1Vals": -1.0, "StdQ1Vals": 0.0, "MaxQ1Vals": -1.0, "MinQ1Vals": -1.0, "AverageQ2Vals": 1.0, "StdQ2Vals": 0.0, "MaxQ2Vals": 1.0, "MinQ2Vals": 1.0, "AverageLogPi": 1.5325998067855835, "StdLogPi": 2.8118896484375, "MaxLogPi": 13.926684379577637, "MinLogPi": -9.808403015136719, "LossPi": 1.654907464981079, "LossQ": 11.703268051147461, "Time": 1069.5972380638123, "_timestamp": 1655782553, "_runtime": 1076, "_step": 7, "_wandb": {"runtime": 1075}}