{"Epoch": 2, "AverageTrainCleanliness": 0.0949999988079071, "StdTrainCleanliness": 0.0, "MaxTrainCleanliness": 0.0949999988079071, "MinTrainCleanliness": 0.0949999988079071, "AverageEpRet": 380.0, "StdEpRet": 0.0, "MaxEpRet": 380.0, "MinEpRet": 380.0, "EpLen": 900.0, "AverageVVals": 1.0, "StdVVals": 0.0, "MaxVVals": 1.0, "MinVVals": 1.0, "TotalEnvInteracts": 2700, "LossPi": 0.28740689158439636, "LossV": 28.325613021850586, "DeltaLossPi": 0.0, "DeltaLossV": 0.0, "Entropy": 0.9189385771751404, "KL": 12605.2783203125, "ClipFrac": 1.0, "StopIter": 0.0, "Time": 100.02239108085632, "_timestamp": 1655764759, "_runtime": 107, "_step": 2, "_wandb": {"runtime": 111}}