{"Epoch": 8, "AverageEpRet": 60.0, "StdEpRet": 0.0, "MaxEpRet": 60.0, "MinEpRet": 60.0, "AverageCleanliness": 0.006166666746139526, "StdCleanliness": 0.0058357142843306065, "MaxCleanliness": 0.014000000432133675, "MinCleanliness": 0.0, "AverageTrainCleanliness": 0.014999999664723873, "StdTrainCleanliness": 0.0, "MaxTrainCleanliness": 0.014999999664723873, "MinTrainCleanliness": 0.014999999664723873, "AverageTestEpRet": 24.66666603088379, "StdTestEpRet": 23.34285545349121, "MaxTestEpRet": 56.0, "MinTestEpRet": 0.0, "EpLen": 900.0, "TestEpLen": 900.0, "TotalEnvInteracts": 7199, "AverageQ1Vals": -0.18992434442043304, "StdQ1Vals": 0.9816461801528931, "MaxQ1Vals": 1.0, "MinQ1Vals": -1.0, "AverageQ2Vals": 1.0, "StdQ2Vals": 0.0, "MaxQ2Vals": 1.0, "MinQ2Vals": 1.0, "AverageLogPi": 0.9981212019920349, "StdLogPi": 2.9496779441833496, "MaxLogPi": 13.96868896484375, "MinLogPi": -6.684372901916504, "LossPi": 0.884673535823822, "LossQ": 12.039092063903809, "Time": 1103.9253087043762, "_timestamp": 1655768691, "_runtime": 1110, "_step": 7, "_wandb": {"runtime": 1109}}