{"Epoch": 8, "AverageEpRet": 138.0, "StdEpRet": 0.0, "MaxEpRet": 138.0, "MinEpRet": 138.0, "AverageCleanliness": 0.006166666746139526, "StdCleanliness": 0.005572751630097628, "MaxCleanliness": 0.013500000350177288, "MinCleanliness": 0.0, "AverageTrainCleanliness": 0.03449999913573265, "StdTrainCleanliness": 0.0, "MaxTrainCleanliness": 0.03449999913573265, "MinTrainCleanliness": 0.03449999913573265, "AverageTestEpRet": 24.66666603088379, "StdTestEpRet": 22.291004180908203, "MaxTestEpRet": 54.0, "MinTestEpRet": 0.0, "EpLen": 900.0, "TestEpLen": 602.3333129882812, "TotalEnvInteracts": 7199, "AverageQ1Vals": -1.0, "StdQ1Vals": 0.0, "MaxQ1Vals": -1.0, "MinQ1Vals": -1.0, "AverageQ2Vals": 1.0, "StdQ2Vals": 0.0, "MaxQ2Vals": 1.0, "MinQ2Vals": 1.0, "AverageLogPi": 1.5325998067855835, "StdLogPi": 2.8118896484375, "MaxLogPi": 13.926684379577637, "MinLogPi": -9.808403015136719, "LossPi": 1.622118592262268, "LossQ": 12.254270553588867, "Time": 958.887152671814, "_timestamp": 1655781469, "_runtime": 966, "_step": 7, "_wandb": {"runtime": 965}}