{"Epoch": 8, "AverageEpRet": 42.0, "StdEpRet": 0.0, "MaxEpRet": 42.0, "MinEpRet": 42.0, "AverageCleanliness": 0.006166666746139526, "StdCleanliness": 0.0020138409454375505, "MaxCleanliness": 0.008999999612569809, "MinCleanliness": 0.0044999998062849045, "AverageTrainCleanliness": 0.010499999858438969, "StdTrainCleanliness": 0.0, "MaxTrainCleanliness": 0.010499999858438969, "MinTrainCleanliness": 0.010499999858438969, "AverageTestEpRet": 24.66666603088379, "StdTestEpRet": 8.055363655090332, "MaxTestEpRet": 36.0, "MinTestEpRet": 18.0, "EpLen": 900.0, "TestEpLen": 900.0, "TotalEnvInteracts": 7199, "AverageQ1Vals": 1.0, "StdQ1Vals": 0.0, "MaxQ1Vals": 1.0, "MinQ1Vals": 1.0, "AverageQ2Vals": 1.0, "StdQ2Vals": 0.0, "MaxQ2Vals": 1.0, "MinQ2Vals": 1.0, "AverageLogPi": 1.016711950302124, "StdLogPi": 2.9546592235565186, "MaxLogPi": 14.634920120239258, "MinLogPi": -7.830049991607666, "LossPi": -0.5318878293037415, "LossQ": 6.619061470031738, "Time": 1244.9577133655548, "_timestamp": 1655674387, "_runtime": 1253, "_step": 7, "_wandb": {"runtime": 1251}}