{"Epoch": 8, "AverageEpRet": 60.0, "StdEpRet": 0.0, "MaxEpRet": 60.0, "MinEpRet": 60.0, "AverageCleanliness": 0.007333333138376474, "StdCleanliness": 0.0016996731283143163, "MaxCleanliness": 0.008999999612569809, "MinCleanliness": 0.004999999888241291, "AverageTrainCleanliness": 0.014999999664723873, "StdTrainCleanliness": 0.0, "MaxTrainCleanliness": 0.014999999664723873, "MinTrainCleanliness": 0.014999999664723873, "AverageTestEpRet": 29.33333396911621, "StdTestEpRet": 6.798692226409912, "MaxTestEpRet": 36.0, "MinTestEpRet": 20.0, "EpLen": 900.0, "TestEpLen": 900.0, "TotalEnvInteracts": 7199, "AverageQ1Vals": 1.0, "StdQ1Vals": 0.0, "MaxQ1Vals": 1.0, "MinQ1Vals": 1.0, "AverageQ2Vals": 1.0, "StdQ2Vals": 0.0, "MaxQ2Vals": 1.0, "MinQ2Vals": 1.0, "AverageLogPi": 1.0156126022338867, "StdLogPi": 1.1562556028366089, "MaxLogPi": 2.246603012084961, "MinLogPi": -10.460955619812012, "LossPi": -0.5487722158432007, "LossQ": 3.5727853775024414, "Time": 1047.8966686725616, "_timestamp": 1655791125, "_runtime": 1053, "_step": 7, "_wandb": {"runtime": 1052}}