{"Epoch": 8, "AverageEpRet": 110.0, "StdEpRet": 0.0, "MaxEpRet": 110.0, "MinEpRet": 110.0, "AverageCleanliness": 0.0, "StdCleanliness": 0.0, "MaxCleanliness": 0.0, "MinCleanliness": 0.0, "AverageTrainCleanliness": 0.027499999850988388, "StdTrainCleanliness": 0.0, "MaxTrainCleanliness": 0.027499999850988388, "MinTrainCleanliness": 0.027499999850988388, "AverageTestEpRet": 0.0, "StdTestEpRet": 0.0, "MaxTestEpRet": 0.0, "MinTestEpRet": 0.0, "EpLen": 900.0, "TestEpLen": 900.0, "TotalEnvInteracts": 7199, "AverageQ1Vals": -0.7282888889312744, "StdQ1Vals": 0.6852702498435974, "MaxQ1Vals": 1.0, "MinQ1Vals": -1.0, "AverageQ2Vals": 1.0, "StdQ2Vals": 0.0, "MaxQ2Vals": 1.0, "MinQ2Vals": 1.0, "AverageLogPi": 0.3765639662742615, "StdLogPi": 2.7192394733428955, "MaxLogPi": 12.451160430908203, "MinLogPi": -8.29779052734375, "LossPi": 0.9856809973716736, "LossQ": 11.429763793945312, "Time": 1078.5695173740387, "_timestamp": 1655775335, "_runtime": 1085, "_step": 7, "_wandb": {"runtime": 1085}}