{"Epoch": 8, "AverageEpRet": 114.0, "StdEpRet": 34.0, "MaxEpRet": 148.0, "MinEpRet": 80.0, "AverageCleanliness": 0.0, "StdCleanliness": 0.0, "MaxCleanliness": 0.0, "MinCleanliness": 0.0, "AverageTrainCleanliness": 0.02850000001490116, "StdTrainCleanliness": 0.008500000461935997, "MaxTrainCleanliness": 0.03700000047683716, "MinTrainCleanliness": 0.019999999552965164, "AverageTestEpRet": 0.0, "StdTestEpRet": 0.0, "MaxTestEpRet": 0.0, "MinTestEpRet": 0.0, "EpLen": 455.5, "TestEpLen": 900.0, "TotalEnvInteracts": 7199, "AverageQ1Vals": 0.4612298607826233, "StdQ1Vals": 0.8601584434509277, "MaxQ1Vals": 1.0, "MinQ1Vals": -1.0, "AverageQ2Vals": 1.0, "StdQ2Vals": 0.0, "MaxQ2Vals": 1.0, "MinQ2Vals": 1.0, "AverageLogPi": 0.3886781334877014, "StdLogPi": 2.7240283489227295, "MaxLogPi": 12.026764869689941, "MinLogPi": -6.268793106079102, "LossPi": -0.25184160470962524, "LossQ": 8.574495315551758, "Time": 1087.841190814972, "_timestamp": 1655783658, "_runtime": 1094, "_step": 7, "_wandb": {"runtime": 1093}}