{"Epoch": 8, "AverageEpRet": 76.0, "StdEpRet": 0.0, "MaxEpRet": 76.0, "MinEpRet": 76.0, "AverageCleanliness": 0.0038333332631736994, "StdCleanliness": 0.0028963577933609486, "MaxCleanliness": 0.007000000216066837, "MinCleanliness": 0.0, "AverageTrainCleanliness": 0.01899999938905239, "StdTrainCleanliness": 0.0, "MaxTrainCleanliness": 0.01899999938905239, "MinTrainCleanliness": 0.01899999938905239, "AverageTestEpRet": 15.333333015441895, "StdTestEpRet": 11.585431098937988, "MaxTestEpRet": 28.0, "MinTestEpRet": 0.0, "EpLen": 900.0, "TestEpLen": 900.0, "TotalEnvInteracts": 7199, "AverageQ1Vals": 1.0, "StdQ1Vals": 0.0, "MaxQ1Vals": 1.0, "MinQ1Vals": 1.0, "AverageQ2Vals": 1.0, "StdQ2Vals": 0.0, "MaxQ2Vals": 1.0, "MinQ2Vals": 1.0, "AverageLogPi": 1.5408614873886108, "StdLogPi": 2.827672004699707, "MaxLogPi": 13.631566047668457, "MinLogPi": -9.460295677185059, "LossPi": -0.2279282957315445, "LossQ": 7.056222915649414, "Time": 989.2430868148804, "_timestamp": 1655793210, "_runtime": 997, "_step": 7, "_wandb": {"runtime": 995}}