{"Epoch": 8, "AverageEpRet": 120.0, "StdEpRet": 0.0, "MaxEpRet": 120.0, "MinEpRet": 120.0, "AverageCleanliness": 0.005499999970197678, "StdCleanliness": 0.004262237343937159, "MaxCleanliness": 0.011500000022351742, "MinCleanliness": 0.0020000000949949026, "AverageTrainCleanliness": 0.029999999329447746, "StdTrainCleanliness": 0.0, "MaxTrainCleanliness": 0.029999999329447746, "MinTrainCleanliness": 0.029999999329447746, "AverageTestEpRet": 22.0, "StdTestEpRet": 17.048948287963867, "MaxTestEpRet": 46.0, "MinTestEpRet": 8.0, "EpLen": 900.0, "TestEpLen": 604.0, "TotalEnvInteracts": 7199, "AverageQ1Vals": -1.0, "StdQ1Vals": 0.0, "MaxQ1Vals": -1.0, "MinQ1Vals": -1.0, "AverageQ2Vals": 1.0, "StdQ2Vals": 0.0, "MaxQ2Vals": 1.0, "MinQ2Vals": 1.0, "AverageLogPi": 0.9810407757759094, "StdLogPi": 2.952319860458374, "MaxLogPi": 14.339942932128906, "MinLogPi": -6.916927814483643, "LossPi": 1.3949565887451172, "LossQ": 8.829368591308594, "Time": 1026.8106889724731, "_timestamp": 1655778418, "_runtime": 1034, "_step": 7, "_wandb": {"runtime": 1032}}