{"Epoch": 11, "AverageTrainCleanliness": 0.12349999696016312, "StdTrainCleanliness": 0.0, "MaxTrainCleanliness": 0.12349999696016312, "MinTrainCleanliness": 0.12349999696016312, "AverageEpRet": 494.0, "StdEpRet": 0.0, "MaxEpRet": 494.0, "MinEpRet": 494.0, "EpLen": 900.0, "AverageVVals": 1.0, "StdVVals": 0.0, "MaxVVals": 1.0, "MinVVals": 1.0, "TotalEnvInteracts": 10800, "LossPi": 0.3077751100063324, "LossV": 17.43657875061035, "DeltaLossPi": 0.0, "DeltaLossV": 0.0, "Entropy": 0.9189385771751404, "KL": 3253.11279296875, "ClipFrac": 1.0, "StopIter": 0.0, "Time": 551.8159959316254, "_timestamp": 1655664167, "_runtime": 559, "_step": 11, "_wandb": {"runtime": 557}}