{"Epoch": 8, "AverageEpRet": 140.0, "StdEpRet": 0.0, "MaxEpRet": 140.0, "MinEpRet": 140.0, "AverageCleanliness": 0.008833333849906921, "StdCleanliness": 0.007553512696176767, "MaxCleanliness": 0.019500000402331352, "MinCleanliness": 0.003000000026077032, "AverageTrainCleanliness": 0.03500000014901161, "StdTrainCleanliness": 0.0, "MaxTrainCleanliness": 0.03500000014901161, "MinTrainCleanliness": 0.03500000014901161, "AverageTestEpRet": 35.33333206176758, "StdTestEpRet": 30.214052200317383, "MaxTestEpRet": 78.0, "MinTestEpRet": 12.0, "EpLen": 900.0, "TestEpLen": 900.0, "TotalEnvInteracts": 7199, "AverageQ1Vals": 1.0, "StdQ1Vals": 0.0, "MaxQ1Vals": 1.0, "MinQ1Vals": 1.0, "AverageQ2Vals": 1.0, "StdQ2Vals": 0.0, "MaxQ2Vals": 1.0, "MinQ2Vals": 1.0, "AverageLogPi": 1.0007225275039673, "StdLogPi": 2.9537296295166016, "MaxLogPi": 14.66675853729248, "MinLogPi": -7.2625041007995605, "LossPi": -0.5362552404403687, "LossQ": 5.739274024963379, "Time": 2575.400712966919, "_timestamp": 1655670838, "_runtime": 2584, "_step": 7, "_wandb": {"runtime": 2582}}