{"Epoch": 8, "AverageEpRet": 312.0, "StdEpRet": 0.0, "MaxEpRet": 312.0, "MinEpRet": 312.0, "AverageCleanliness": 0.007166666444391012, "StdCleanliness": 0.006381396669894457, "MaxCleanliness": 0.01549999974668026, "MinCleanliness": 0.0, "AverageTrainCleanliness": 0.07800000160932541, "StdTrainCleanliness": 0.0, "MaxTrainCleanliness": 0.07800000160932541, "MinTrainCleanliness": 0.07800000160932541, "AverageTestEpRet": 28.66666603088379, "StdTestEpRet": 25.525588989257812, "MaxTestEpRet": 62.0, "MinTestEpRet": 0.0, "EpLen": 900.0, "TestEpLen": 900.0, "TotalEnvInteracts": 7199, "AverageQ1Vals": -1.0, "StdQ1Vals": 6.232415472595676e-09, "MaxQ1Vals": -0.9999999403953552, "MinQ1Vals": -1.0, "AverageQ2Vals": 1.0, "StdQ2Vals": 0.0, "MaxQ2Vals": 1.0, "MinQ2Vals": 1.0, "AverageLogPi": 2.089284658432007, "StdLogPi": 3.8328585624694824, "MaxLogPi": 21.769123077392578, "MinLogPi": -3.982578754425049, "LossPi": 1.9561200141906738, "LossQ": 15.967480659484863, "Time": 975.2654254436493, "_timestamp": 1655790063, "_runtime": 981, "_step": 7, "_wandb": {"runtime": 980}}