{"Epoch": 8, "AverageEpRet": 54.0, "StdEpRet": 0.0, "MaxEpRet": 54.0, "MinEpRet": 54.0, "AverageCleanliness": 0.00416666641831398, "StdCleanliness": 0.004249182995408773, "MaxCleanliness": 0.009999999776482582, "MinCleanliness": 0.0, "AverageTrainCleanliness": 0.013500000350177288, "StdTrainCleanliness": 0.0, "MaxTrainCleanliness": 0.013500000350177288, "MinTrainCleanliness": 0.013500000350177288, "AverageTestEpRet": 16.66666603088379, "StdTestEpRet": 16.99673080444336, "MaxTestEpRet": 40.0, "MinTestEpRet": 0.0, "EpLen": 900.0, "TestEpLen": 900.0, "TotalEnvInteracts": 7199, "AverageQ1Vals": 1.0, "StdQ1Vals": 0.0, "MaxQ1Vals": 1.0, "MinQ1Vals": 1.0, "AverageQ2Vals": 1.0, "StdQ2Vals": 0.0, "MaxQ2Vals": 1.0, "MinQ2Vals": 1.0, "AverageLogPi": 1.5462744235992432, "StdLogPi": 2.8266806602478027, "MaxLogPi": 16.837661743164062, "MinLogPi": -12.969069480895996, "LossPi": -0.32684916257858276, "LossQ": 6.8539581298828125, "Time": 1200.9440779685974, "_timestamp": 1655769910, "_runtime": 1208, "_step": 7, "_wandb": {"runtime": 1207}}