{"Epoch": 8, "AverageEpRet": 44.0, "StdEpRet": 0.0, "MaxEpRet": 44.0, "MinEpRet": 44.0, "AverageCleanliness": 0.009000000543892384, "StdCleanliness": 0.008195527829229832, "MaxCleanliness": 0.020500000566244125, "MinCleanliness": 0.0020000000949949026, "AverageTrainCleanliness": 0.010999999940395355, "StdTrainCleanliness": 0.0, "MaxTrainCleanliness": 0.010999999940395355, "MinTrainCleanliness": 0.010999999940395355, "AverageTestEpRet": 36.0, "StdTestEpRet": 32.782108306884766, "MaxTestEpRet": 82.0, "MinTestEpRet": 8.0, "EpLen": 900.0, "TestEpLen": 601.6666870117188, "TotalEnvInteracts": 7199, "AverageQ1Vals": -1.0, "StdQ1Vals": 0.0, "MaxQ1Vals": -1.0, "MinQ1Vals": -1.0, "AverageQ2Vals": 1.0, "StdQ2Vals": 0.0, "MaxQ2Vals": 1.0, "MinQ2Vals": 1.0, "AverageLogPi": 0.9660966396331787, "StdLogPi": 2.9574759006500244, "MaxLogPi": 14.420380592346191, "MinLogPi": -6.886713027954102, "LossPi": 1.4665402173995972, "LossQ": 9.463433265686035, "Time": 1239.563143491745, "_timestamp": 1655676837, "_runtime": 1247, "_step": 7, "_wandb": {"runtime": 1245}}