{"Epoch": 8, "AverageEpRet": 128.0, "StdEpRet": 80.0, "MaxEpRet": 208.0, "MinEpRet": 48.0, "AverageCleanliness": 0.006833333056420088, "StdCleanliness": 0.004921607673168182, "MaxCleanliness": 0.012500000186264515, "MinCleanliness": 0.0005000000237487257, "AverageTrainCleanliness": 0.03200000151991844, "StdTrainCleanliness": 0.019999999552965164, "MaxTrainCleanliness": 0.052000001072883606, "MinTrainCleanliness": 0.012000000104308128, "AverageTestEpRet": 27.33333396911621, "StdTestEpRet": 19.686431884765625, "MaxTestEpRet": 50.0, "MinTestEpRet": 2.0, "EpLen": 741.0, "TestEpLen": 900.0, "TotalEnvInteracts": 7199, "AverageQ1Vals": -1.0, "StdQ1Vals": 0.0, "MaxQ1Vals": -1.0, "MinQ1Vals": -1.0, "AverageQ2Vals": 1.0, "StdQ2Vals": 0.0, "MaxQ2Vals": 1.0, "MinQ2Vals": 1.0, "AverageLogPi": 1.0185127258300781, "StdLogPi": 2.956803321838379, "MaxLogPi": 14.28033447265625, "MinLogPi": -7.190303325653076, "LossPi": 1.4118398427963257, "LossQ": 9.686243057250977, "Time": 1052.6289093494415, "_timestamp": 1655772003, "_runtime": 1059, "_step": 7, "_wandb": {"runtime": 1057}}