{"Epoch": 8, "AverageEpRet": 62.0, "StdEpRet": 0.0, "MaxEpRet": 62.0, "MinEpRet": 62.0, "AverageCleanliness": 0.0029999997932463884, "StdCleanliness": 0.0022730303462594748, "MaxCleanliness": 0.005499999970197678, "MinCleanliness": 0.0, "AverageTrainCleanliness": 0.01549999974668026, "StdTrainCleanliness": 0.0, "MaxTrainCleanliness": 0.01549999974668026, "MinTrainCleanliness": 0.01549999974668026, "AverageTestEpRet": 12.0, "StdTestEpRet": 9.092121124267578, "MaxTestEpRet": 22.0, "MinTestEpRet": 0.0, "EpLen": 900.0, "TestEpLen": 900.0, "TotalEnvInteracts": 7199, "AverageQ1Vals": 1.0, "StdQ1Vals": 0.0, "MaxQ1Vals": 1.0, "MinQ1Vals": 1.0, "AverageQ2Vals": 1.0, "StdQ2Vals": 0.0, "MaxQ2Vals": 1.0, "MinQ2Vals": 1.0, "AverageLogPi": 1.5408614873886108, "StdLogPi": 2.827672004699707, "MaxLogPi": 13.631566047668457, "MinLogPi": -9.460295677185059, "LossPi": -0.031321898102760315, "LossQ": 10.632631301879883, "Time": 987.7067284584045, "_timestamp": 1655774237, "_runtime": 994, "_step": 7, "_wandb": {"runtime": 993}}