{"Epoch": 8, "AverageEpRet": 100.0, "StdEpRet": 94.0, "MaxEpRet": 194.0, "MinEpRet": 6.0, "AverageCleanliness": 0.0006666667177341878, "StdCleanliness": 0.0009428090997971594, "MaxCleanliness": 0.0020000000949949026, "MinCleanliness": 0.0, "AverageTrainCleanliness": 0.02500000037252903, "StdTrainCleanliness": 0.023500001057982445, "MaxTrainCleanliness": 0.048500001430511475, "MinTrainCleanliness": 0.001500000013038516, "AverageTestEpRet": 2.6666667461395264, "StdTestEpRet": 3.771235942840576, "MaxTestEpRet": 8.0, "MinTestEpRet": 0.0, "EpLen": 450.5, "TestEpLen": 900.0, "TotalEnvInteracts": 7199, "AverageQ1Vals": 1.0, "StdQ1Vals": 0.0, "MaxQ1Vals": 1.0, "MinQ1Vals": 1.0, "AverageQ2Vals": 1.0, "StdQ2Vals": 0.0, "MaxQ2Vals": 1.0, "MinQ2Vals": 1.0, "AverageLogPi": 1.5325998067855835, "StdLogPi": 2.8118896484375, "MaxLogPi": 13.926684379577637, "MinLogPi": -9.808403015136719, "LossPi": -0.18995673954486847, "LossQ": 9.810112953186035, "Time": 1075.4242360591888, "_timestamp": 1655773093, "_runtime": 1082, "_step": 7, "_wandb": {"runtime": 1081}}