{"Epoch": 8, "AverageEpRet": 118.0, "StdEpRet": 0.0, "MaxEpRet": 118.0, "MinEpRet": 118.0, "AverageCleanliness": 0.0006666667177341878, "StdCleanliness": 0.0009428090997971594, "MaxCleanliness": 0.0020000000949949026, "MinCleanliness": 0.0, "AverageTrainCleanliness": 0.029500000178813934, "StdTrainCleanliness": 0.0, "MaxTrainCleanliness": 0.029500000178813934, "MinTrainCleanliness": 0.029500000178813934, "AverageTestEpRet": 2.6666667461395264, "StdTestEpRet": 3.771235942840576, "MaxTestEpRet": 8.0, "MinTestEpRet": 0.0, "EpLen": 900.0, "TestEpLen": 900.0, "TotalEnvInteracts": 7199, "AverageQ1Vals": 1.0, "StdQ1Vals": 0.0, "MaxQ1Vals": 1.0, "MinQ1Vals": 1.0, "AverageQ2Vals": 1.0, "StdQ2Vals": 0.0, "MaxQ2Vals": 1.0, "MinQ2Vals": 1.0, "AverageLogPi": 1.5460397005081177, "StdLogPi": 2.825244426727295, "MaxLogPi": 13.532683372497559, "MinLogPi": -12.969069480895996, "LossPi": -0.3731822073459625, "LossQ": 6.337975025177002, "Time": 1087.0054411888123, "_timestamp": 1655764349, "_runtime": 1094, "_step": 7, "_wandb": {"runtime": 1093}}