{"Epoch": 8, "AverageEpRet": 86.0, "StdEpRet": 0.0, "MaxEpRet": 86.0, "MinEpRet": 86.0, "AverageCleanliness": 0.011500000022351742, "StdCleanliness": 0.006570134777575731, "MaxCleanliness": 0.020500000566244125, "MinCleanliness": 0.004999999888241291, "AverageTrainCleanliness": 0.0215000007301569, "StdTrainCleanliness": 0.0, "MaxTrainCleanliness": 0.0215000007301569, "MinTrainCleanliness": 0.0215000007301569, "AverageTestEpRet": 46.0, "StdTestEpRet": 26.28053855895996, "MaxTestEpRet": 82.0, "MinTestEpRet": 20.0, "EpLen": 900.0, "TestEpLen": 658.0, "TotalEnvInteracts": 7199, "AverageQ1Vals": 1.0, "StdQ1Vals": 0.0, "MaxQ1Vals": 1.0, "MinQ1Vals": 1.0, "AverageQ2Vals": 1.0, "StdQ2Vals": 0.0, "MaxQ2Vals": 1.0, "MinQ2Vals": 1.0, "AverageLogPi": 0.9798774123191833, "StdLogPi": 2.9415721893310547, "MaxLogPi": 13.520214080810547, "MinLogPi": -7.2255401611328125, "LossPi": -0.5554210543632507, "LossQ": 5.88439416885376, "Time": 1040.817241191864, "_timestamp": 1655779477, "_runtime": 1047, "_step": 7, "_wandb": {"runtime": 1046}}