{"Epoch": 8, "AverageEpRet": 63.0, "StdEpRet": 5.0, "MaxEpRet": 68.0, "MinEpRet": 58.0, "AverageCleanliness": 0.010666667483747005, "StdCleanliness": 0.008730534464120865, "MaxCleanliness": 0.023000000044703484, "MinCleanliness": 0.004000000189989805, "AverageTrainCleanliness": 0.01575000025331974, "StdTrainCleanliness": 0.0012500006705522537, "MaxTrainCleanliness": 0.017000000923871994, "MinTrainCleanliness": 0.014499999582767487, "AverageTestEpRet": 42.66666793823242, "StdTestEpRet": 34.92213439941406, "MaxTestEpRet": 92.0, "MinTestEpRet": 16.0, "EpLen": 460.5, "TestEpLen": 900.0, "TotalEnvInteracts": 7199, "AverageQ1Vals": 1.0, "StdQ1Vals": 0.0, "MaxQ1Vals": 1.0, "MinQ1Vals": 1.0, "AverageQ2Vals": 1.0, "StdQ2Vals": 0.0, "MaxQ2Vals": 1.0, "MinQ2Vals": 1.0, "AverageLogPi": 0.974593460559845, "StdLogPi": 2.9503681659698486, "MaxLogPi": 14.386362075805664, "MinLogPi": -7.087122440338135, "LossPi": -0.5263574123382568, "LossQ": 6.773885726928711, "Time": 1174.4933094978333, "_timestamp": 1655675580, "_runtime": 1181, "_step": 7, "_wandb": {"runtime": 1180}}