{"Epoch": 8, "AverageEpRet": 44.0, "StdEpRet": 0.0, "MaxEpRet": 44.0, "MinEpRet": 44.0, "AverageCleanliness": 0.005166666582226753, "StdCleanliness": 0.004766783677041531, "MaxCleanliness": 0.011500000022351742, "MinCleanliness": 0.0, "AverageTrainCleanliness": 0.010999999940395355, "StdTrainCleanliness": 0.0, "MaxTrainCleanliness": 0.010999999940395355, "MinTrainCleanliness": 0.010999999940395355, "AverageTestEpRet": 20.66666603088379, "StdTestEpRet": 19.0671329498291, "MaxTestEpRet": 46.0, "MinTestEpRet": 0.0, "EpLen": 900.0, "TestEpLen": 900.0, "TotalEnvInteracts": 7199, "AverageQ1Vals": 1.0, "StdQ1Vals": 6.28288143733613e-10, "MaxQ1Vals": 1.0, "MinQ1Vals": 0.9999999403953552, "AverageQ2Vals": 1.0, "StdQ2Vals": 0.0, "MaxQ2Vals": 1.0, "MinQ2Vals": 1.0, "AverageLogPi": 1.5455654859542847, "StdLogPi": 2.825533628463745, "MaxLogPi": 13.09022331237793, "MinLogPi": -9.853333473205566, "LossPi": -0.22783800959587097, "LossQ": 6.636438369750977, "Time": 975.6142427921295, "_timestamp": 1655777371, "_runtime": 982, "_step": 7, "_wandb": {"runtime": 981}}