{"Epoch": 8, "AverageEpRet": 106.0, "StdEpRet": 0.0, "MaxEpRet": 106.0, "MinEpRet": 106.0, "AverageCleanliness": 0.00699999975040555, "StdCleanliness": 0.0018708286806941032, "MaxCleanliness": 0.009499999694526196, "MinCleanliness": 0.004999999888241291, "AverageTrainCleanliness": 0.026499999687075615, "StdTrainCleanliness": 0.0, "MaxTrainCleanliness": 0.026499999687075615, "MinTrainCleanliness": 0.026499999687075615, "AverageTestEpRet": 28.0, "StdTestEpRet": 7.4833149909973145, "MaxTestEpRet": 38.0, "MinTestEpRet": 20.0, "EpLen": 900.0, "TestEpLen": 900.0, "TotalEnvInteracts": 7199, "AverageQ1Vals": -1.0, "StdQ1Vals": 0.0, "MaxQ1Vals": -1.0, "MinQ1Vals": -1.0, "AverageQ2Vals": 1.0, "StdQ2Vals": 0.0, "MaxQ2Vals": 1.0, "MinQ2Vals": 1.0, "AverageLogPi": 2.089284658432007, "StdLogPi": 3.8328585624694824, "MaxLogPi": 21.769123077392578, "MinLogPi": -3.982578754425049, "LossPi": 2.2847659587860107, "LossQ": 21.764402389526367, "Time": 1009.2117674350739, "_timestamp": 1655770936, "_runtime": 1016, "_step": 7, "_wandb": {"runtime": 1015}}