{"Epoch": 8, "AverageEpRet": 116.0, "StdEpRet": 0.0, "MaxEpRet": 116.0, "MinEpRet": 116.0, "AverageCleanliness": 0.008833332918584347, "StdCleanliness": 0.008329999633133411, "MaxCleanliness": 0.019999999552965164, "MinCleanliness": 0.0, "AverageTrainCleanliness": 0.028999999165534973, "StdTrainCleanliness": 0.0, "MaxTrainCleanliness": 0.028999999165534973, "MinTrainCleanliness": 0.028999999165534973, "AverageTestEpRet": 35.33333206176758, "StdTestEpRet": 33.31999588012695, "MaxTestEpRet": 80.0, "MinTestEpRet": 0.0, "EpLen": 900.0, "TestEpLen": 900.0, "TotalEnvInteracts": 7199, "AverageQ1Vals": -1.0, "StdQ1Vals": 0.0, "MaxQ1Vals": -1.0, "MinQ1Vals": -1.0, "AverageQ2Vals": 1.0, "StdQ2Vals": 0.0, "MaxQ2Vals": 1.0, "MinQ2Vals": 1.0, "AverageLogPi": 1.5325998067855835, "StdLogPi": 2.8118896484375, "MaxLogPi": 13.926684379577637, "MinLogPi": -9.808403015136719, "LossPi": 1.8758797645568848, "LossQ": 12.692115783691406, "Time": 1120.922725200653, "_timestamp": 1655786959, "_runtime": 1127, "_step": 7, "_wandb": {"runtime": 1126}}