{"Epoch": 8, "AverageEpRet": 162.0, "StdEpRet": 0.0, "MaxEpRet": 162.0, "MinEpRet": 162.0, "AverageCleanliness": 0.00433333357796073, "StdCleanliness": 0.003064129501581192, "MaxCleanliness": 0.00800000037997961, "MinCleanliness": 0.0005000000237487257, "AverageTrainCleanliness": 0.04050000011920929, "StdTrainCleanliness": 0.0, "MaxTrainCleanliness": 0.04050000011920929, "MinTrainCleanliness": 0.04050000011920929, "AverageTestEpRet": 17.33333396911621, "StdTestEpRet": 12.25651741027832, "MaxTestEpRet": 32.0, "MinTestEpRet": 2.0, "EpLen": 29.0, "TestEpLen": 900.0, "TotalEnvInteracts": 7199, "AverageQ1Vals": 1.0, "StdQ1Vals": 0.0, "MaxQ1Vals": 1.0, "MinQ1Vals": 1.0, "AverageQ2Vals": 1.0, "StdQ2Vals": 0.0, "MaxQ2Vals": 1.0, "MinQ2Vals": 1.0, "AverageLogPi": 1.5408614873886108, "StdLogPi": 2.827672004699707, "MaxLogPi": 13.631566047668457, "MinLogPi": -9.460295677185059, "LossPi": -0.05446905270218849, "LossQ": 8.726785659790039, "Time": 1031.0221416950226, "_timestamp": 1655789072, "_runtime": 1037, "_step": 7, "_wandb": {"runtime": 1036}}