{"Epoch": 8, "AverageEpRet": 4.0, "StdEpRet": 0.0, "MaxEpRet": 4.0, "MinEpRet": 4.0, "AverageCleanliness": 0.004833333659917116, "StdCleanliness": 0.005071708001196384, "MaxCleanliness": 0.012000000104308128, "MinCleanliness": 0.0010000000474974513, "AverageTrainCleanliness": 0.0010000000474974513, "StdTrainCleanliness": 0.0, "MaxTrainCleanliness": 0.0010000000474974513, "MinTrainCleanliness": 0.0010000000474974513, "AverageTestEpRet": 19.33333396911621, "StdTestEpRet": 20.28683090209961, "MaxTestEpRet": 48.0, "MinTestEpRet": 4.0, "EpLen": 900.0, "TestEpLen": 900.0, "TotalEnvInteracts": 7199, "AverageQ1Vals": -1.0, "StdQ1Vals": 0.0, "MaxQ1Vals": -1.0, "MinQ1Vals": -1.0, "AverageQ2Vals": 1.0, "StdQ2Vals": 0.0, "MaxQ2Vals": 1.0, "MinQ2Vals": 1.0, "AverageLogPi": 0.9966429471969604, "StdLogPi": 2.9553959369659424, "MaxLogPi": 14.743858337402344, "MinLogPi": -7.251567363739014, "LossPi": 1.5391534566879272, "LossQ": 12.212965965270996, "Time": 1058.8417727947235, "_timestamp": 1655792203, "_runtime": 1065, "_step": 7, "_wandb": {"runtime": 1065}}