{"Epoch": 11, "AverageTrainCleanliness": 0.07999999821186066, "StdTrainCleanliness": 0.0, "MaxTrainCleanliness": 0.07999999821186066, "MinTrainCleanliness": 0.07999999821186066, "AverageEpRet": 320.0, "StdEpRet": 0.0, "MaxEpRet": 320.0, "MinEpRet": 320.0, "EpLen": 900.0, "AverageVVals": 1.0, "StdVVals": 0.0, "MaxVVals": 1.0, "MinVVals": 1.0, "TotalEnvInteracts": 10800, "LossPi": 0.2636013925075531, "LossV": 20.22998809814453, "DeltaLossPi": 0.0, "DeltaLossV": 0.0, "Entropy": 0.9189385771751404, "KL": 639.6406860351562, "ClipFrac": 1.0, "StopIter": 0.0, "Time": 544.2953357696533, "_timestamp": 1655664731, "_runtime": 553, "_step": 11, "_wandb": {"runtime": 551}}